customerID,Churn_Probability,Predicted_Churn
4910-GMJOT,0.9249893556129463,1
7216-EWTRS,0.9235192629902753,1
7024-OHCCK,0.9234026157651106,1
9300-AGZNL,0.9224760824547305,1
8161-QYMTT,0.9115116456926479,1
9282-IZGQK,0.9114842848251153,1
2545-EBUPK,0.910270819032939,1
2725-KXXWT,0.9094983355004218,1
3988-RQIXO,0.9083235289324949,1
2034-GDRCN,0.9065529378141635,1
0970-ETWGE,0.9062132492820759,1
1455-UGQVH,0.9057508749542592,1
4695-WJZUE,0.9053923665236674,1
9611-CTWIH,0.9046985065667843,1
9061-TIHDA,0.9012183000721324,1
5192-EBGOV,0.9011066051103633,1
7228-OMTPN,0.9004027989232882,1
5277-ZLOOR,0.8990978110651792,1
1724-BQUHA,0.8974561860390067,1
8414-MYSHR,0.8951795929873227,1
0259-GBZSH,0.8950782968354547,1
4273-MBHYA,0.8937033137476356,1
3068-OMWZA,0.8933671248680303,1
4927-WWOOZ,0.8930868704126411,1
9546-CQJSU,0.8927560543631253,1
0680-DFNNY,0.8918254913015828,1
7225-CBZPL,0.8911038652189964,1
0723-DRCLG,0.8904016522671726,1
2868-MZAGQ,0.8903617260558867,1
3096-GKWEB,0.8894301209059353,1
5955-ERIHD,0.8893855168393321,1
8775-LHDJH,0.8890326465721147,1
2642-DTVCO,0.8873959102147835,1
4102-OQUPX,0.8863619176560928,1
4210-QFJMF,0.8859026568677237,1
8337-UPOAQ,0.885682609750646,1
4415-IJZTP,0.8853462273686252,1
7858-GTZSP,0.8832657004110351,1
6567-HOOPW,0.8829059475821687,1
6941-PMGEP,0.8824921445847763,1
8473-VUVJN,0.8819146422401524,1
7969-AULMZ,0.8817024853380037,1
0702-PGIBZ,0.8816660130320063,1
4806-KEXQR,0.8811031733702391,1
2985-FMWYF,0.8809913109480677,1
1618-CFHME,0.88073077748279,1
5834-ASPWA,0.8801769073411593,1
6892-EZDTG,0.8800147041577063,1
0220-EBGCE,0.8798397650832868,1
2495-INZWQ,0.8796685784338988,1
2462-XIIJB,0.879268637263001,1
7294-TMAOP,0.8790284961339129,1
4060-LDNLU,0.8787853745642108,1
9300-RENDD,0.8778395148890643,1
6615-NGGZJ,0.8777824868929528,1
9094-AZPHK,0.8774869983823922,1
9185-TQCVP,0.877375516428163,1
1304-NECVQ,0.8767032882892897,1
0637-KVDLV,0.8762050201127325,1
1197-BVMVG,0.8758026210708112,1
9124-LHCJQ,0.8755952624117329,1
7594-RQHXR,0.8754753755169549,1
2929-ERCFZ,0.8751671610739655,1
0404-SWRVG,0.874892886530201,1
1579-KLYDT,0.87464456530035,1
9897-KXHCM,0.8742111819835489,1
9402-ORRAH,0.8734447663297585,1
6100-QQHEB,0.8732189535521194,1
6683-VLCTZ,0.8726562680281833,1
6161-UUUTA,0.8721160966471471,1
0841-NULXI,0.8716823685936693,1
1628-BIZYP,0.8707493071424462,1
8083-YTZES,0.8705903689383431,1
2430-USGXP,0.8687115349045961,1
6328-ZPBGN,0.868320872561249,1
6087-MVHJH,0.8681147252593631,1
7180-PISOG,0.8665771321049958,1
0122-OAHPZ,0.8661029491450861,1
6356-ELRKD,0.8657730555717447,1
7240-ETPTR,0.8643267435276716,1
8835-VSDSE,0.864027847188932,1
0375-HVGXO,0.8640197164298319,1
7638-QVMVY,0.8630080394724956,1
4871-JTKJF,0.8628922434441172,1
5919-TMRGD,0.8625581354229467,1
0328-GRPMV,0.8624010825639943,1
1640-PLFMP,0.8622370339666813,1
7145-FEJWU,0.8622352865510017,1
9957-YODKZ,0.8618933292974081,1
7130-VTEWQ,0.8610029457824913,1
3317-VLGQT,0.8608603300912313,1
5348-CAGXB,0.8597869345895826,1
6857-VWJDT,0.859254674601569,1
4929-XIHVW,0.8591120592619598,1
4342-HENTK,0.8580893054442524,1
7074-IEVOJ,0.8580623846011898,1
6502-MJQAE,0.8580002352981825,1
4853-OITSN,0.8579899766586123,1
4603-JANFB,0.8577194253153023,1
0306-JAELE,0.8576227239646134,1
3721-CNEYS,0.8576179972137905,1
9330-IJWIO,0.8573248271832015,1
3198-VELRD,0.8572953928742686,1
8644-XLFBW,0.8556839001553765,1
1219-NNDDO,0.8555830796304869,1
9633-XQABV,0.8552215435995628,1
5393-RXQSZ,0.854983651275052,1
7245-NIIWQ,0.8548226909634922,1
0018-NYROU,0.8547185977613381,1
7354-OIJLX,0.8534150396045729,1
2880-FPNAE,0.8532545085409176,1
9102-IAYHT,0.852509829913669,1
0329-GTIAJ,0.8518083346072106,1
5928-QLDHB,0.8517678416562529,1
0334-GDDSO,0.8514956147546281,1
9317-WZPGV,0.8514147870373079,1
8413-VONUO,0.8494625716358561,1
9314-IJWSQ,0.8493433163734639,1
4597-NUCQV,0.8492934323308667,1
8800-JOOCF,0.8488742276475625,1
1024-GUALD,0.8483758683624447,1
8242-SOQUO,0.8477964726782699,1
9507-EXLTT,0.8472024584514425,1
5134-IKDAY,0.8463571764561475,1
4132-KALRO,0.845503903201064,1
3746-EUBYR,0.8449988712259838,1
3841-CONLJ,0.8449505082556268,1
2840-XANRC,0.8425528724971093,1
1977-STDKI,0.8422133654115509,1
4873-ILOLJ,0.8414996408693465,1
2058-DCJBE,0.8411361591462526,1
1853-UDXBW,0.84067570648045,1
3276-HDUEG,0.8405880735279943,1
2379-ENZGV,0.8399556850536383,1
5442-UTCVD,0.839934880364551,1
4550-EVXNY,0.8398839331653913,1
8648-PFRMP,0.8394653612532619,1
5357-TZHPP,0.8393049936041257,1
1226-IENZN,0.8391660315631209,1
9279-CJEOJ,0.8386997831434453,1
9274-CNFMO,0.8380822510307859,1
0455-XFASS,0.8380817513500635,1
8945-GRKHX,0.8378114217216984,1
5940-NFXKV,0.8373072536304229,1
3629-ZNKXA,0.8365121763105924,1
3049-NDXFL,0.836328248084903,1
7861-UVUFT,0.8361417920344272,1
3990-QYKBE,0.8346878270459219,1
8063-GBATB,0.8331256690803074,1
1666-JXLKU,0.8325188105260353,1
6198-ZFIOJ,0.832457218760614,1
8380-PEFPE,0.8317018730005025,1
6899-PPEEA,0.8315841726946169,1
0524-IAVZO,0.831570774152696,1
8017-LXHFA,0.8314187495631727,1
7235-NXZCP,0.8312841953784803,1
2761-OCIAX,0.8308379844175194,1
8714-CTZJW,0.8301561931724368,1
0689-NKYLF,0.8300227002602221,1
9208-OLGAQ,0.8289319927211525,1
3001-UNBTL,0.8286844185444561,1
5219-YIPTK,0.828551734973115,1
0742-NXBGR,0.8284818842849645,1
3677-IYRBF,0.8277114792008348,1
8008-HAWED,0.8273069875312177,1
3143-JQEGI,0.8272582414373876,1
1342-JPNKI,0.8257306509379463,1
7892-POOKP,0.8253123263141164,1
5117-IFGPS,0.8245311802538878,1
1465-VINDH,0.824490508815718,1
8270-RKSAP,0.8224819925732717,1
2845-AFFTX,0.8219805197441172,1
4124-MMETB,0.8216603029299003,1
5989-PGKJB,0.8201079940588794,1
3346-BRMIS,0.8195643532291638,1
6339-YPSAH,0.8194765310719483,1
5138-WVKYJ,0.8194726331584701,1
9874-QLCLH,0.8191448647005447,1
7912-SYRQT,0.8188442728033701,1
3177-LASXD,0.8185985778130411,1
7802-EFKNY,0.8185560989593531,1
0148-DCDOS,0.8179553934321407,1
5569-KGJHX,0.8176695207183995,1
9912-GVSEQ,0.817373522924269,1
8699-ASUFO,0.8173324163405452,1
5119-NZPTV,0.8170793565334832,1
4039-HEUNW,0.8155414162957041,1
5442-BHQNG,0.8152718248004568,1
1112-CUNAO,0.8149951214356325,1
0923-PNFUB,0.8131458748752299,1
6060-DRTNL,0.8122475834211053,1
6407-UTSLV,0.8113419196454766,1
6400-BWQKW,0.8111954093069454,1
2369-UAPKZ,0.8106392135469759,1
6910-HADCM,0.8094758733263311,1
5186-SAMNZ,0.808971136408102,1
2905-KFQUV,0.8085957849704853,1
0330-IVZHA,0.8085581446270865,1
3877-JRJIP,0.8083844746076762,1
3496-LFSZU,0.8074380515902458,1
7598-UAASY,0.806173823842068,1
1891-UAWWU,0.8042723236317938,1
4686-UXDML,0.8033244596508374,1
5405-ZMYXQ,0.8032703549213073,1
8042-JVNFH,0.8031774669133787,1
6140-QNRQQ,0.8028860610103274,1
3003-CMDUU,0.8020738960743915,1
9779-DPNEJ,0.801661170302182,1
3992-YWPKO,0.801625483180295,1
3001-CBHLQ,0.8008783625120277,1
8708-XPXHZ,0.8007946517447856,1
3063-QFSZL,0.800335444500455,1
0135-NMXAP,0.7996325923151397,1
7176-WIONM,0.79949434466485,1
9133-AYJZG,0.799469840733601,1
6692-UDPJC,0.7993057564611038,1
9600-UDOPK,0.7992091791719813,1
8949-JTMAY,0.7987163313621028,1
6595-YGXIT,0.7986995637633468,1
3365-SAIGS,0.7984358759209524,1
8844-TONUD,0.7956041245744125,1
9050-QLROH,0.7947122538974056,1
6956-SMUCM,0.7946678956670915,1
4183-MYFRB,0.7943703840017982,1
0601-WZHJF,0.7933480268502798,1
6877-LGWXO,0.7924845266745,1
8485-GJCDN,0.791947987985548,1
8374-XGEJJ,0.7914811251562408,1
4484-CGXFK,0.7903628987029401,1
0654-HMSHN,0.7880088038732967,1
6518-LGAOV,0.7866060971190744,1
8393-DLHGA,0.7862794581765492,1
5605-IYGFG,0.7858558213466321,1
0637-YLETY,0.7858472451488688,1
6175-IRFIT,0.7852837048756381,1
2603-HVKCG,0.785138560983273,1
7422-WNBTY,0.7850674468441647,1
4367-NHWMM,0.7848715493679107,1
4290-BSXUX,0.7839707552048139,1
8637-XJIVR,0.7839135323268599,1
0147-ESWWR,0.7838957024831218,1
1496-GGSUK,0.7836246350005438,1
1335-NTIUC,0.7836228310964376,1
0311-UNPFF,0.7828078237554557,1
7571-YXDAD,0.7821974157634713,1
7534-BFESC,0.7818998557076041,1
9167-APMXZ,0.7816111862918248,1
1918-ZBFQJ,0.781376342379959,1
3627-FCRDW,0.7807856086158561,1
0529-ONKER,0.7789955360497202,1
5655-JSMZM,0.7780674559797319,1
2868-SNELZ,0.7773532840453098,1
0876-WDUUZ,0.7770608222586064,1
1092-GANHU,0.7769245532981093,1
8818-DOPVL,0.7767048367649525,1
6652-YFFJO,0.7766313501268388,1
6994-KERXL,0.7760097849077932,1
8938-UMKPI,0.7759882255492084,1
4257-GAESD,0.7736447532405493,1
7137-RYLPP,0.7734790180155396,1
5144-TVGLP,0.7729681268353964,1
9625-QSTYE,0.7717836577063252,1
1212-GLHMD,0.7699077887270631,1
0212-ISBBF,0.768815194825935,1
9658-WYUFB,0.7687419107486606,1
5960-MVTUK,0.7684810169098432,1
8120-JDCAM,0.7682899928980879,1
9540-JYROE,0.7680517612498813,1
2018-PZKMU,0.7680435303636036,1
5364-EVNIB,0.7676189797899616,1
3315-TOTBP,0.7673502490527158,1
6900-PXRMS,0.7670324917972038,1
9947-OTFQU,0.7664842637128576,1
2696-NARTR,0.7645529257476921,1
9638-JIQYA,0.7637711225896757,1
4587-NUKOX,0.7636847011318769,1
5922-ABDVO,0.7625375727830662,1
9129-UXERG,0.7623134814283209,1
9824-BEMCV,0.7620708673256404,1
9796-BPKIW,0.7619861065565963,1
8800-ZKRFW,0.7617064905012282,1
2501-XWWTZ,0.7616777926359535,1
7924-GJZFI,0.7611959749143669,1
3269-ATYWD,0.7603347814579899,1
7410-YTJIK,0.7597489887605667,1
8356-WUAOJ,0.759504810390202,1
0963-ZBDRN,0.7593711873285807,1
1522-VVDMG,0.7588927170092239,1
0772-GYEQQ,0.7584314031768081,1
8849-AYPTR,0.7569216029096656,1
7240-FQLHE,0.7565478206202011,1
0511-JTEOY,0.7563550898534293,1
4729-XKASR,0.7561540216528959,1
2424-WVHPL,0.7557036106227527,1
4137-BTIKL,0.7552486837147069,1
2823-LKABH,0.7549572911702391,1
2933-FILNV,0.7544156399099049,1
0581-MDMPW,0.7542205264162801,1
6651-AZVTJ,0.7522277897513346,1
6704-UTUKK,0.7517871267320554,1
8486-AYEQH,0.7513709594779794,1
8981-FJGLA,0.7508524113379687,1
3866-MDTUB,0.7495645816440945,1
0946-CLJTI,0.7493176288611997,1
6128-CZOMY,0.7490686175478767,1
4881-JVQOD,0.7475098342465978,1
4128-ETESU,0.7471954587024393,1
6017-PPLPX,0.7470344735442946,1
8445-DNBAE,0.7462996496534197,1
9465-RWMXL,0.7460995820968136,1
7562-GSUHK,0.7460694579508386,1
4741-WWJQZ,0.7459542821265907,1
4879-GZLFH,0.7454205161828865,1
2468-SJFLM,0.7452710178765107,1
6778-YSNIH,0.7447512586313347,1
8128-YVJRG,0.7442218093148526,1
8705-WZCYL,0.7427434261701636,1
8519-QJGJD,0.7426420375255027,1
4062-HBMOS,0.7408447182095474,1
2495-KZNFB,0.7400601497432742,1
7734-DBOAI,0.7398098021396828,1
5759-RCVCB,0.7379550769353455,1
5914-DVBWJ,0.7364081765049229,1
3966-HRMZA,0.7343784752734591,1
1100-DDVRV,0.7342064503075358,1
7825-ECJRF,0.7338999119640942,1
1902-XBTFB,0.7317000125284222,1
4503-BDXBD,0.7303016227622963,1
7296-PIXQY,0.7301915474887776,1
6339-DKLMK,0.7285601779567679,1
9895-VFOXH,0.7274868977309448,1
3088-LHEFH,0.7270781854799206,1
5122-CYFXA,0.7268495109122523,1
9907-SWKKF,0.7262982420470903,1
8260-NGFNY,0.7260234785190923,1
3671-SHRSP,0.7240660314035516,1
2672-TGEFF,0.7238527025184136,1
1173-NOEYG,0.7223879993551691,1
8785-CJSHH,0.7214171522039967,1
1624-WOIWJ,0.7211692760546535,1
3806-DXQOM,0.720746197716828,1
3714-NTNFO,0.720565269867241,1
0221-WMXNQ,0.7196645719858151,1
3932-CMDTD,0.7191421371592972,1
5600-KTXFM,0.7191167949216022,1
6158-HDPXZ,0.7174715240734068,1
1260-TTRXI,0.717190955948092,1
9420-LOJKX,0.7167464208869592,1
3167-SNQPL,0.7150039595359226,1
3055-MJDSB,0.713775181860059,1
8012-SOUDQ,0.713597252798274,1
9800-ONTFE,0.7119666349133903,1
6542-LWGXJ,0.7115195756431767,1
4625-EWPTF,0.7112386097079713,1
5016-IBERQ,0.7094076693684538,1
6284-AHOOQ,0.7087085008336172,1
7126-RBHSD,0.7074899147419536,1
4361-JEIVL,0.707195809162303,1
5868-CZJDR,0.7063315538502564,1
1304-BCCFO,0.7059251029408802,1
1035-IPQPU,0.705830541301821,1
5129-JLPIS,0.7056208880594116,1
1343-EHPYB,0.7034806819743673,1
4446-BZKHU,0.7033844790339961,1
0096-BXERS,0.7019944824699443,1
7404-JLKQG,0.7007069880337927,1
8364-TRMMK,0.7003158401025066,1
1346-UFHAX,0.6986329486902382,1
9793-WECQC,0.696851203031213,1
0410-IPFTY,0.6968415632363096,1
7181-OQCUT,0.6966119068499823,1
9508-ILZDG,0.6955517637781005,1
8020-BWHYL,0.6951284176313896,1
9168-INPSZ,0.6942328449961634,1
8064-RAVOH,0.6936809476481591,1
5498-TXHLF,0.6926606241189585,1
5916-QEWPT,0.6915962387209981,1
7077-XJMET,0.6913521430315342,1
1855-AGAWH,0.6900437243693643,1
4465-VDKIQ,0.687889856514249,1
9469-WEJBT,0.6876551614030328,1
9576-SYUHJ,0.686336563379054,1
6078-VESFR,0.6855001992588435,1
6583-QGCSI,0.6845327411034263,1
3969-GYXEL,0.6842426150117179,1
4607-CHPCA,0.6838937488218233,1
3005-NFMTA,0.682532161059163,1
4811-JBUVU,0.681875760481483,1
0804-XBFBV,0.6817994514699337,1
9281-OFDMF,0.6807115440144829,1
1866-OBPNR,0.6804475660067356,1
2178-PMGCJ,0.6802096371133937,1
2277-DJJDL,0.6799871138864715,1
3323-CPBWR,0.6791744474009725,1
4116-TZAQJ,0.6780841966896876,1
4537-DKTAL,0.676797053762219,1
5886-VLQVU,0.6760528574045247,1
7682-AZNDK,0.6755956302888134,1
0310-MVLET,0.6755890829165397,1
7065-YUNRY,0.6727148804976333,1
2275-RBYQS,0.6725120347725688,1
9522-BNTHX,0.6718961081611116,1
2921-XWDJH,0.6713514678781034,1
7758-XKCBS,0.670175256473127,1
8158-WPEZG,0.6695695985407554,1
3415-TAILE,0.669403798084237,1
7159-FVYPK,0.6687335138211534,1
8180-AKMJV,0.6658730394860783,1
5392-AKEMH,0.665424359746981,1
8710-YGLWG,0.6644013093940774,1
5696-QURRL,0.664093146681685,1
0829-XXPLX,0.6635524759314605,1
5349-AZPEW,0.6631164511893567,1
3566-HJGPK,0.663064929274705,1
6710-HSJRD,0.6629645276579778,1
9732-EQMWY,0.6622534445495104,1
9714-EDSUC,0.6602211383683818,1
2014-MKGMH,0.6601413209518274,1
3130-ICDUP,0.6599235866365369,1
9332-GYWLO,0.6595133824311025,1
4550-VBOFE,0.6574107413802951,1
1355-KUSBG,0.6569999589255608,1
4671-LXRDQ,0.6562218352358697,1
4468-KAZHE,0.6545426273309884,1
5502-RLUYV,0.652474682854286,1
9286-DOJGF,0.6519307488859225,1
8229-TNIQA,0.6486742230053754,1
7377-DMMRI,0.6469975193459881,1
5302-BDJNT,0.6460055685404106,1
7841-TZDMQ,0.6448402283852236,1
1816-FLZDK,0.6436859679040298,1
9889-TMAHG,0.6413409958984206,1
6133-OZILE,0.6412557884051919,1
5673-TIYIB,0.641032179682744,1
6745-JEFZB,0.6373795404360523,1
7000-WCEVQ,0.6365470713083828,1
7929-DMBCV,0.6365164211162221,1
3208-YPIOE,0.6363567579151699,1
5649-VUKMC,0.636134723327334,1
8887-IPQNC,0.6359784399480815,1
8535-SFUTN,0.6348916904640697,1
9530-EHPOH,0.6340660442561654,1
9667-TKTVZ,0.6336433448552238,1
6227-HWPWX,0.6319329519102311,1
3500-RMZLT,0.631381733051079,1
6789-HJBWG,0.6302644639171475,1
2070-FNEXE,0.6291069149240234,1
1095-JUDTC,0.6289353384039416,1
8124-NZVGJ,0.628141702692432,1
4640-UHDOS,0.6276736710517562,1
9281-PKKZE,0.6264010685576344,1
1728-CXQBE,0.6252318616566978,1
2277-VWCNI,0.624537921602854,1
3466-RITXD,0.624310938544394,1
2792-LSHWX,0.6242010153103112,1
3192-LNKRK,0.6232276242185024,1
4067-HLYQI,0.6225318415785028,1
0106-GHRQR,0.6219508329989564,1
8450-UYIBU,0.6214583399537901,1
6410-LEFEN,0.6195069530692447,1
3658-KIBGF,0.6189126048163791,1
6022-KOUQO,0.6172263912415068,1
4143-HHPMK,0.616177293407544,1
4226-KKDON,0.6133712338195059,1
5046-NUHWD,0.6132554500930898,1
0118-JPNOY,0.6128944957502507,1
4657-FWVFY,0.6120241014857968,1
2869-ADAWR,0.6116418211322602,1
9079-YEXQJ,0.6106721517018161,1
5813-UECBU,0.6101731252799965,1
9626-VFRGG,0.6084361680902347,1
5047-LHVLY,0.6078386517372659,1
2189-UXTKY,0.6064427106920252,1
1174-FGIFN,0.6039881659920395,1
2452-KDRRH,0.6028924106999729,1
3162-KKZXO,0.6027164290883266,1
8623-ULFNQ,0.602434264731901,1
6439-GTPCA,0.6024284132447015,1
3808-HFKDE,0.6006155105869265,1
6923-EFPNL,0.6002415987100691,1
4193-ORFCL,0.5999725841870787,1
7252-NTGSS,0.5998620362478383,1
7576-JMYWV,0.5998456527176267,1
6582-OIVSP,0.5995303314528853,1
7909-FIOIY,0.5991924432571577,1
4183-WCSEP,0.5991727094200111,1
2669-OIDSD,0.5989641353892206,1
6641-XRPSU,0.5989233137656571,1
9780-FKVVF,0.5971665183940388,1
2207-QPJED,0.5962103205858674,1
4983-CLMLV,0.5954464794358493,1
2139-FQHLM,0.5946473507810299,1
0080-OROZO,0.5944862236658172,1
0356-ERHVT,0.5937812222195699,1
7075-BNDVQ,0.5893342704248467,1
5949-HGVJL,0.5884109433639464,1
7593-XFKDI,0.5873673184016996,1
1205-WNWPJ,0.5867954776111007,1
3194-ORPIK,0.5855598030075988,1
3349-ANQNH,0.5854222863877666,1
2100-BDNSN,0.5839742839082568,1
2826-DXLQO,0.5819373237355906,1
3207-OYBWH,0.5807571828096431,1
8016-NCFVO,0.580261439250373,1
0856-NAOES,0.5787956483150614,1
9174-FKWZE,0.5774988508038551,1
5035-PGZXH,0.5721864608158781,1
0257-ZESQC,0.5718874131533115,1
3466-WAESX,0.5715685908947344,1
4720-VSTSI,0.5703077951660517,1
7554-AKDQF,0.5689809736468007,1
3018-TFTSU,0.5667374941123285,1
0107-WESLM,0.5665098360222054,1
1794-HBQTJ,0.5652843818623026,1
9795-VOWON,0.5647800330338527,1
8404-FYDIB,0.5647476562485234,1
0322-YINQP,0.564565946910957,1
3062-ICYZQ,0.5639347952332199,1
4026-SKKHW,0.5638603104162462,1
1564-HJUVY,0.5631305827600106,1
4280-DLSHD,0.5628903213564428,1
0929-PECLO,0.5608376715120531,1
7055-HNEOJ,0.5599745288488339,1
9688-YGXVR,0.5594735837165706,1
5707-ORNDZ,0.5585373943931484,1
2181-UAESM,0.5566656865465428,1
5527-ACHSO,0.5549910840260935,1
6599-GZWCM,0.5540753590219951,1
6538-POCHL,0.5527881568914756,1
3873-NFTGI,0.5525216408674493,1
8757-TFHHJ,0.5524015133135577,1
6507-DTJZV,0.5521393538942998,1
8033-VCZGH,0.5489907863495732,1
7346-MEDWM,0.5485190195036479,1
5060-TQUQN,0.5483797015885483,1
8705-DWKTI,0.5477938616789612,1
1803-BGNBD,0.5477435312821656,1
3898-GUYTS,0.5464479978125558,1
4001-TSBTV,0.5457175815121157,1
6905-NIQIN,0.5446675751454924,1
7133-VBDCG,0.5440843997609071,1
1208-NBVFH,0.5434288459675136,1
8980-WQFWL,0.5425454118234533,1
0668-OGMHD,0.5423825823230355,1
6576-FBXOJ,0.540798407616269,1
9948-YPTDG,0.540169615998562,1
8201-AAXCB,0.5395846291579973,1
7750-EYXWZ,0.5390590343108688,1
2817-NTQDO,0.5390516740949121,1
8840-DQLGN,0.5379938199495022,1
1935-IMVBB,0.5362748766076959,1
8399-YNDCH,0.535304356759893,1
7551-DACSP,0.5330164358790738,1
8388-FYNPZ,0.5326303325135435,1
1353-LJWEM,0.532297107252692,1
0419-YAAPX,0.5317999946770064,1
2692-PFYTJ,0.5317848932359297,1
2623-DRYAM,0.5316788392384518,1
3815-SLMEF,0.5313118333437988,1
7993-NQLJE,0.5297401508424388,1
2810-FTLEM,0.5288136604900332,1
0799-DDIHE,0.5278203623483402,1
2937-FTHUR,0.5277741477527139,1
2858-EIMXH,0.5276557801604218,1
5071-FBJFS,0.5271356019226463,1
7966-YOTQW,0.5270359589309693,1
9912-OMZDS,0.5255727341811657,1
2320-SLKMB,0.5255279704784545,1
5136-GFPMB,0.5254786993802052,1
4130-MZLCC,0.5240791839337767,1
4628-WQCQQ,0.5239444576813167,1
7251-LJBQN,0.5226997495307977,1
1215-FIGMP,0.5217782110936832,1
2293-IJWPS,0.5217022036852119,1
1074-AMIOH,0.5213738956365173,1
1784-EZDKJ,0.5210277472521629,1
7343-EOBEU,0.5190830180009417,1
6818-WOBHJ,0.518792093706197,1
3604-WLABM,0.5182819887479065,1
7821-DPRQE,0.5181345767285512,1
7742-MYPGI,0.5177662594270392,1
3629-WEAAM,0.5162426567247572,1
7356-IWLFW,0.5131611115706283,1
2479-BRAMR,0.5127870110276163,1
6968-GMKPR,0.5122280153598855,1
7629-WIXZF,0.5119917750998144,1
8049-WJCLQ,0.5093008726791303,1
6572-ADKRS,0.508878756125467,1
6284-KMNUF,0.5079483904508812,1
1899-VXWXM,0.5069788226683138,1
2806-MLNTI,0.5059813103205236,1
2207-OBZNX,0.5056348221263922,1
0643-OKLRP,0.5054716835245135,1
9103-TCIHJ,0.5039076102680973,1
6366-XIVKZ,0.5025773593477307,1
6067-NGCEU,0.5004039474979106,1
6633-SYEUS,0.49930554354688533,1
4250-FDVOU,0.4988757223630736,1
4851-BQDNX,0.49632011714497354,1
9500-LTVBP,0.4958791297758078,1
8755-IWJHN,0.49437249594133814,1
1360-JYXKQ,0.4940731012967011,1
2195-VVRJF,0.49335401079774915,1
0887-WBJVH,0.4897725072438118,1
7402-PWYJJ,0.48976707038433925,1
0512-FLFDW,0.48918205349311,1
4232-JGKIY,0.4891596007001642,1
1685-VAYJF,0.48851947055907946,1
3577-AMVUX,0.48818331385899677,1
2832-SCUCO,0.48814507132283647,1
7673-LPRNY,0.48792137881941144,1
8450-JOVAH,0.4876929706758967,1
4797-AXPXK,0.4875642725453698,1
2731-GJRDG,0.4872770393028212,1
1958-RNRKS,0.48539549439319896,1
4800-VHZKI,0.4830024856904071,1
5553-AOINX,0.482466285365054,1
4897-QSUYC,0.48242744294069334,1
4634-JLRJT,0.48196744217684273,1
8695-WDYEA,0.4794767723589449,1
4291-HYEBC,0.47937774583005155,1
0853-NWIFK,0.4789976640527787,1
3744-ZBHON,0.47605238138420036,1
0701-TJSEF,0.47537992502559484,1
5445-GLVOT,0.47508941362566165,1
5325-UWTWJ,0.47485795279401694,1
5906-BFOZT,0.4736404960070164,1
5066-GFJMM,0.47331527935446494,1
1360-RCYRT,0.4725702793091036,1
1000-AJSLD,0.47226278645982184,1
2091-MJTFX,0.47165542885942724,1
3594-IVHJZ,0.4711491392498865,1
8930-XOTDP,0.468452052767241,1
7610-TVOPG,0.4683048448589912,1
7722-CVFXN,0.4680225727215458,1
0516-WJVXC,0.46800537461628816,1
3307-TLCUD,0.46611328044948297,1
1470-PSXNM,0.46601898123494395,1
3679-XASPY,0.4659783848913332,1
3780-DDGSE,0.46552177997575694,1
3807-XHCJH,0.4647178612060506,1
4869-EPIUS,0.46424011746374183,1
6647-ZEDXT,0.46279222365947664,1
9835-ZIITK,0.4625028267260628,1
7905-NJMXS,0.4615069734664821,1
3920-HIHMQ,0.46101912535814243,1
2233-FAGXV,0.4610087315868446,1
4003-FUSHP,0.46003792728030685,1
0953-LGOVU,0.4592232170955799,1
8259-NFJTV,0.45624182371108224,1
4194-WHFCB,0.4554168504029018,1
7530-HDYDS,0.45540776376684017,1
9103-CXVOK,0.4550554302085806,1
1356-MKYSK,0.4546083434810554,1
6773-LQTVT,0.4537090782152046,1
5334-JLAXU,0.4534649575852406,1
7636-XUHWW,0.45229253795238417,1
0369-ZGOVK,0.45158713785137594,1
6476-YHMGA,0.4477764846049095,0
9099-FTUHS,0.4472900713965035,0
0187-WZNAB,0.44720446774649464,0
2995-UPRYS,0.44663309701531345,0
3472-OAOOR,0.445984951881195,0
3541-ZNUHK,0.4449215959138463,0
8082-GHXOP,0.44153851453260157,0
1410-RSCMR,0.44111196954032567,0
7853-GVUDZ,0.44029377521471474,0
1698-XFZCI,0.43913359166738425,0
4098-NAUKP,0.43834768528067186,0
5542-DHSXL,0.43614860528714094,0
9277-JOOMO,0.43540926757306947,0
8713-IGZSO,0.4349993971535396,0
3694-GLTJM,0.43119271959983624,0
0303-WMMRN,0.43094466976810064,0
1324-NLTJE,0.42998282262995785,0
5287-QWLKY,0.429657348631084,0
6890-PFRQX,0.4277510223924225,0
7797-EJMDP,0.42743848446619664,0
5868-YTYKS,0.4268774611887748,0
8970-ANWXO,0.4252319047967866,0
6128-DAFVY,0.4251392889627896,0
8189-HBVRW,0.4245429397724758,0
6439-LAJXL,0.4239860812188695,0
2379-GYFLQ,0.42304575021247387,0
8952-WCVCD,0.41859787040476754,0
7241-AJHFS,0.41708762581848036,0
4939-KYYPY,0.4167451611619191,0
9705-IOVQQ,0.4166591074683097,0
5469-CTCWN,0.41587827135068633,0
6475-VHUIZ,0.41442037499297324,0
1814-DKOLC,0.4129676322953042,0
6402-SSEJG,0.41013606856911927,0
3445-HXXGF,0.40747660645261075,0
3794-NFNCH,0.40745619104645936,0
3407-QGWLG,0.4073366545203577,0
1614-JBEBI,0.4058316155376468,0
1905-OEILC,0.40581027573833184,0
8329-IBCTI,0.4054771391432765,0
7502-BNYGS,0.40544965339829026,0
6654-QGBZZ,0.4049221049778581,0
9402-CXWPL,0.40438394676831313,0
2592-YKDIF,0.4039236567311231,0
1963-VAUKV,0.40381276696978613,0
8292-TYSPY,0.4031953835355187,0
7130-CTCUS,0.40310082915776363,0
8963-JLGJT,0.40305961925734324,0
9426-SXNHE,0.402773239666865,0
4701-MLJPN,0.40257273430957313,0
6994-ORCWG,0.4011353185410439,0
1194-SPVSP,0.40038166384293467,0
9975-SKRNR,0.3972371986399916,0
2308-STERM,0.39693908088803376,0
0396-HUJBP,0.3962312860656376,0
5766-ZJYBB,0.39613489922440226,0
9481-IEBZY,0.3960826106628042,0
8393-JMVMB,0.3960247270929571,0
1029-QFBEN,0.39580441449519393,0
2542-HYGIQ,0.3957324185948128,0
3785-NRHYR,0.3955841441853606,0
4892-VLANZ,0.3952538181882052,0
0883-EIBTI,0.3950594300250181,0
6286-SUUWT,0.3949235877956485,0
4877-EVATK,0.3948135322908962,0
7698-YFGEZ,0.3948135322908962,0
8749-CLJXC,0.3947034874494061,0
6380-ARCEH,0.3943734170056979,0
8563-IIOXK,0.39408170613800925,0
9818-XQCUV,0.39391131176947,0
2668-TZSPS,0.3938235138085551,0
2342-CKIAO,0.3937946605853205,0
5049-GLYVG,0.3934937008598976,0
4789-KWMXN,0.39291025464782375,0
2839-RFSQE,0.3928659323199239,0
2111-DWYHN,0.39239502687841776,0
7808-DVWEP,0.39054243302359887,0
0409-WTMPL,0.3891664619783115,0
3847-BAERP,0.3887228607123316,0
3723-BFBGR,0.38869415154551523,0
0639-TSIQW,0.3885587075717262,0
2946-KIQSP,0.388155308854233,0
3523-QRQLL,0.3861587318409115,0
7776-QWNFX,0.3856636656193009,0
8150-QUDFX,0.3855858785660718,0
0330-BGYZE,0.38550534204676645,0
7544-ZVIKX,0.385142695365904,0
5562-YJQGT,0.3843531279634081,0
2700-LUEVA,0.3841778827644014,0
0188-GWFLE,0.38414541224706167,0
4195-SMMNX,0.3834475089475456,0
5140-FOMCQ,0.38296917276114417,0
8495-PRWFH,0.38279239128039017,0
3339-EAQNV,0.38085184924234,0
1518-OMDIK,0.37934841344657394,0
3675-YDUPJ,0.3783366920183324,0
5832-EXGTT,0.3747109487306762,0
9962-BFPDU,0.3732710372905038,0
3316-UWXUY,0.3723902126257198,0
3221-CJMSG,0.37125145370749957,0
0870-VEMYL,0.3657695665624016,0
3948-XHGNA,0.36532548996469455,0
5315-CKEQK,0.3643236644552232,0
0786-IVLAW,0.363422255952923,0
2957-JIRMN,0.3633005111799945,0
6769-DCQLI,0.3616061756611631,0
2560-PPCHE,0.36023542090788674,0
0222-CNVPT,0.358527708865644,0
2858-MOFSQ,0.35832124720097186,0
2748-MYRVK,0.35795798062459544,0
5150-LJNSR,0.35733624914383666,0
0523-VNGTF,0.35701755921289435,0
2908-ZTPNF,0.35568829724933226,0
2722-VOJQL,0.35566638433056846,0
9036-CSKBW,0.355479585277539,0
2439-QKJUL,0.354604779687924,0
2186-QZEYA,0.35442885909300503,0
0479-HMSWA,0.3528506098000566,0
4291-HPAXL,0.3525385661459982,0
3645-DEYGF,0.3506485329031754,0
0584-BJQGZ,0.349909817870163,0
6617-WLBQC,0.34929528268393767,0
8905-IAZPF,0.3481538863706603,0
4816-OKWNX,0.34648142033620727,0
1383-EZRWL,0.3456820774155645,0
2159-TURXX,0.34566931758465014,0
8849-GYOKR,0.34400477190054324,0
9475-NNDGC,0.3411392481665281,0
6705-LNMDD,0.3390181339725666,0
4355-CVPVS,0.33888908977614335,0
9470-RTWDV,0.3383569390062421,0
1202-KKGFU,0.33674467219473747,0
8944-AILEF,0.3354327588962187,0
2294-DMMUS,0.3338333771622093,0
4374-YMUSQ,0.3337902687766511,0
4710-NKCAW,0.33306069920938863,0
7521-YXVZY,0.3329122304204512,0
5197-PYEPU,0.33211321288906376,0
6563-VNPMN,0.3267374817500423,0
6164-HXUGH,0.3249566617740988,0
8250-ZNGGW,0.324129763933291,0
9929-PLVPA,0.3240917157993897,0
3786-WOVKF,0.32308461177315145,0
6092-QZVPP,0.32243814885095723,0
0824-VWDPO,0.32016829363763005,0
1409-PHXTF,0.3190490622577986,0
0997-YTLNY,0.3183719179784163,0
9633-DENPU,0.31818113023097344,0
8216-AZUUZ,0.31776846104315526,0
3724-UCSHY,0.31677948339590467,0
0396-UKGAI,0.3156824274374317,0
7148-XZPHA,0.3152586617229193,0
6202-JVYEU,0.31356136445152255,0
5353-WILCI,0.31340451282559184,0
2925-MXLSX,0.3125929568216637,0
1159-WFSGR,0.31247339683084846,0
6368-NWMCE,0.30890236934457566,0
4732-RRJZC,0.3062304317031313,0
7623-HKYRK,0.3051286383103539,0
4489-SNOJF,0.3046611964949141,0
0297-RBCSG,0.30417150128384396,0
2805-EDJPQ,0.30266843306050206,0
7080-TNUWP,0.3026606327444174,0
3391-JSQEW,0.3026226557602539,0
3750-RNQKR,0.29914875949189546,0
7105-MXJLL,0.2991366720766308,0
5921-NGYRH,0.29877960647052904,0
8910-ICHIU,0.2976590890462347,0
8947-YRTDV,0.2932795572029687,0
9107-UKCKY,0.29228478264556973,0
3528-HFRIQ,0.2919333407377372,0
4476-OSWTN,0.29014909373769715,0
2794-XIMMO,0.2900431629526194,0
1353-GHZOS,0.28909626917866066,0
8942-DBMHZ,0.2890767561639347,0
1850-AKQEP,0.2872804505106083,0
7605-SNLQG,0.28647751105980085,0
9546-KDTRB,0.28628918296615974,0
2202-OUTMO,0.28617892757130153,0
7803-XOCCZ,0.28410292656291086,0
0489-WMEMG,0.28305036185239507,0
4770-QAZXN,0.28088074738420005,0
4163-KIUHY,0.278990024707026,0
4712-UYOOI,0.27834908417600684,0
3256-EZDBI,0.27781347020304403,0
8735-NBLWT,0.2777918978264104,0
2223-KAGMX,0.27616106682252517,0
9867-NNXLC,0.2761567927026464,0
4063-EIKNQ,0.27568176702182295,0
7998-ZLXWN,0.2746228300537379,0
6794-HKIAJ,0.2742225491010344,0
0208-BPQEJ,0.27408918531773346,0
0689-DSXGL,0.2734892269120315,0
3104-OWCGK,0.2725434452883847,0
0080-EMYVY,0.2711225663983609,0
0864-FVJNJ,0.2710522342235073,0
4765-OXPPD,0.27017386088778145,0
9896-UYMIE,0.26805624018140833,0
0076-LVEPS,0.267018253455825,0
8138-EALND,0.26446438822283896,0
3387-PLKUI,0.2643504467805936,0
4282-MSACW,0.2626799529580644,0
4003-OCTMP,0.2621597653018306,0
9114-AAFQH,0.2621006748758775,0
6861-OKBCE,0.26197979687496786,0
1428-IEDPR,0.26127836612209315,0
2690-DVRVK,0.25667526070000135,0
0289-IVARM,0.25608643623134547,0
3571-DPYUH,0.25602820354383093,0
5307-UVGNB,0.25124033508857024,0
9128-CPXKI,0.25111793309632613,0
2316-ESMLS,0.25077624485291283,0
7516-GMHUV,0.2505928508740456,0
9754-CLVZW,0.24807996335495675,0
3594-UVONA,0.24744557521957064,0
2371-KFUOG,0.24662539060175834,0
4186-ZBUEW,0.24658294814747342,0
1264-FUHCX,0.24620727932238662,0
4075-WKNIU,0.2460541103993709,0
1810-MVMAI,0.2459700140700857,0
8780-RSYYU,0.2456950340473508,0
5193-QLVZB,0.2448316094905158,0
5160-UXJED,0.2442350635237874,0
2324-EFHVG,0.24341043082988575,0
7446-KQISO,0.24278232358701834,0
4683-WYDOU,0.24252896282709716,0
3898-BSJYF,0.24245226738014494,0
5027-YOCXN,0.2422241107595836,0
7102-JJVTX,0.24133599256642044,0
0623-EJQEG,0.2404545772142249,0
4815-TUMEQ,0.23942903851644218,0
4826-DXMUP,0.2393054264681588,0
5018-LXQQG,0.2390948606522244,0
4104-PVRPS,0.2389925224156156,0
6480-YAGIY,0.2386288910329196,0
9967-ATRFS,0.23859225464852224,0
9786-IJYDL,0.23832631861345885,0
8548-AWOFC,0.2380427604110202,0
5693-PIPCS,0.23647223358932745,0
4393-OBCRR,0.2359075233384371,0
8550-XSXUQ,0.2294908713973809,0
7666-WKRON,0.22925914802365352,0
5195-KPUNQ,0.22923497275318042,0
4829-ZLJTK,0.2288467127550913,0
3621-CHYVB,0.2286461230934526,0
1729-VLAZJ,0.2278451711819206,0
0917-EZOLA,0.22644679261980094,0
0956-SYCWG,0.22643325671932,0
0895-UADGO,0.22458041822747596,0
2055-SIFSS,0.22219350693373432,0
2830-LEWOA,0.22209265020456773,0
2930-UOTMB,0.22195491686231897,0
5562-BETPV,0.2210622222462779,0
9894-QMIMJ,0.2185358784268051,0
4795-WRNVT,0.21425332955669188,0
9402-ROUMJ,0.2128793276326072,0
9488-FYQAU,0.21224668141368364,0
4501-UYKBC,0.21052090839840767,0
7629-WFGLW,0.21036484019973442,0
4576-CSAJH,0.2099095251809615,0
6266-QHOJZ,0.20947017076354535,0
6419-ZTTLE,0.20873671867491522,0
2307-FYNNL,0.2086376251831278,0
1099-BTKWT,0.2083848245202697,0
3096-YXENJ,0.20834286450312073,0
2862-JVEOY,0.20810109244837177,0
2673-ZALNP,0.2077618390747373,0
6506-EYCNH,0.20766287117977766,0
0967-BMLBD,0.20763397727290653,0
6481-OGDOO,0.20668255408647482,0
5161-XEUVX,0.20527312574954484,0
3441-CGZJH,0.2047287273574708,0
0020-JDNXP,0.20303034694436115,0
2746-DIJLO,0.20255136144678496,0
8565-HBFNN,0.20228533178132,0
7036-TYDEC,0.20089684830911309,0
2773-OVBPK,0.19903801645308047,0
3205-MXZRA,0.19823760531985898,0
5049-MUBWG,0.19822890169661359,0
2483-XSSMZ,0.19811768632418805,0
3374-TTZTK,0.19765125435633552,0
5372-FBKBN,0.19372723501871772,0
5777-KJIRB,0.19197953825283456,0
6500-JVEGC,0.19195627422291517,0
4134-BSXLX,0.19135394545363701,0
0661-KBKPA,0.18974536551675972,0
7407-SUJIZ,0.18952615868329067,0
8075-GXIUB,0.18853444627402413,0
5954-BDFSG,0.18840684831046456,0
0201-MIBOL,0.18808819442289765,0
8752-GHJFU,0.1876139889661143,0
3597-YASZG,0.18754114406381567,0
9933-QRGTX,0.18582176434345657,0
8984-HPEMB,0.18524774113909798,0
8879-ZKJOF,0.18508115976306153,0
9313-QOLTZ,0.1810917004638321,0
7519-JTWQH,0.1801567006973499,0
2387-KDZQY,0.18009424687895906,0
8109-YUOHE,0.17985342256937553,0
0661-WCQNQ,0.17974803865845027,0
5440-FLBQG,0.17968346107219293,0
5304-EFJLP,0.17845385056862142,0
3372-CDXFJ,0.1777891039455001,0
1452-XRSJV,0.17573803666284896,0
5975-BAICR,0.17492734543849697,0
9442-JTWDL,0.1746534585961605,0
7707-PYBBH,0.17459692121319917,0
1915-OAKWD,0.17328424049464883,0
0484-JPBRU,0.17280857348991666,0
8383-SGHJU,0.17089110696264745,0
9432-RUVSL,0.16787545823499941,0
8071-SBTRN,0.16700256251004006,0
3518-FSTWG,0.1658893097705965,0
5236-XMZJY,0.1655256526577177,0
4670-TABXH,0.16401978850469118,0
1474-JUWSM,0.16392592909964063,0
3724-BSCVH,0.16201859595025178,0
2651-ZCBXV,0.1612069621516248,0
6050-FFXES,0.161141129109782,0
5663-QBGIS,0.16047255503827987,0
9483-GCPWE,0.16044458863928585,0
2546-KZAAT,0.1595926008312164,0
7696-AMHOD,0.15802314830841765,0
1038-ZAGBI,0.15787468092836038,0
8898-KASCD,0.15498415594948667,0
7255-SSFBC,0.1531277349395149,0
8901-UPRHR,0.152173761946694,0
8097-VBQTZ,0.1496928488191505,0
8690-UPCZI,0.14938412378380375,0
5546-BYZSM,0.14919822187303336,0
0670-ANMUU,0.14883442168830835,0
3178-CIFOT,0.1484057662719342,0
0530-IJVDB,0.14702020809983715,0
7279-NMVJC,0.14687268123383843,0
8434-PNQZX,0.14494111470381657,0
4323-ELYYB,0.143386907517003,0
2380-DAMQP,0.14278315556858986,0
3580-HYCSP,0.14264906652526643,0
7325-ENZFI,0.1422541999374778,0
6869-FGJJC,0.14129626191905462,0
9845-PEEKO,0.14107402580347678,0
4578-PHJYZ,0.14081018301112982,0
6427-FEFIG,0.1406275094811789,0
9845-QOMAD,0.14046871643794398,0
1623-NLDOT,0.13989370435770976,0
7244-QWYHG,0.13978558626228832,0
9070-BCKQP,0.1396394113498297,0
2434-EEVDB,0.1391353879743074,0
3766-EJLFL,0.13834208375891427,0
5186-PEIZU,0.1373689072437762,0
2061-VVFST,0.1369798057361947,0
0813-TAXXS,0.13672783907521804,0
7868-TMWMZ,0.13527375505492475,0
5038-ETMLM,0.13508775664752357,0
7691-KGKGP,0.1344845139988365,0
7923-IYJWY,0.13336096391077157,0
5451-YHYPW,0.13316900239361712,0
8777-PVYGU,0.13162031622114817,0
4853-RULSV,0.131221356081075,0
0254-FNMCI,0.13063314861010472,0
2320-TZRRH,0.1301476241952236,0
1222-KJNZD,0.1287180007678649,0
5671-RQRLP,0.12787396202297563,0
8498-XXGWA,0.12757831774736442,0
2927-CVULT,0.12724161280679835,0
6867-ACCZI,0.1267677038727354,0
8884-MRNSU,0.12665872586223825,0
1401-FTHFQ,0.12661916348813007,0
6478-HRRCZ,0.12520687651748677,0
5468-BPMMO,0.1252026702218781,0
9702-AIUJO,0.12433757076824137,0
5183-KLYEM,0.12411069944512032,0
9640-ZSLDC,0.12374344255060954,0
2878-RMWXY,0.12311963577360245,0
7569-NMZYQ,0.12214594349105638,0
9289-LBQVU,0.12194624535283742,0
7176-WRTNX,0.12176600564974961,0
3617-XLSGQ,0.12121586152346403,0
8106-GWQOK,0.12000181111911978,0
7472-EQOAV,0.1199578335969248,0
4803-LBYPN,0.11992569300077072,0
7605-BDWDC,0.11932173954065599,0
3396-DKDEL,0.1192131282009425,0
5965-GGPRW,0.11788934831167854,0
2683-JXWQQ,0.11632773293164575,0
2223-GDSHL,0.11626999314363325,0
5073-RZGBK,0.11622027666630794,0
3549-ZTMNH,0.11599312343258751,0
6481-LXPWL,0.11544679570045405,0
2511-MORQY,0.11511332864839811,0
6047-SUHPR,0.11487631021174169,0
7137-NAXML,0.1121250492162312,0
4376-KFVRS,0.1115716763763092,0
1099-GODLO,0.11142734266202182,0
3795-CAWEX,0.11132974104002086,0
9959-WOFKT,0.11082808858535302,0
3082-YVEKW,0.11061100861208298,0
6919-ELBGL,0.11015622584018489,0
4778-IZARL,0.11015411492578216,0
4707-YNOQA,0.10844395405288647,0
6670-MFRPK,0.1051539539321875,0
9720-JJJOR,0.10508686651919275,0
1790-NESIO,0.10501574064537826,0
4135-FRWKJ,0.10459961415799214,0
4884-TVUQF,0.10440888891494601,0
6161-ERDGD,0.1043935131953031,0
7929-SKFGK,0.10254720937667577,0
2749-CTKAJ,0.10246662222387078,0
6990-YNRIO,0.10206814686609438,0
3727-OWVYD,0.10111919105535963,0
9150-KPBJQ,0.1005587590693074,0
6736-DHUQI,0.10007239741847171,0
4636-OLWOE,0.10007184644450874,0
3985-HOYPM,0.10003297333609476,0
2027-DNKIV,0.09967763188561996,0
2789-CZANW,0.0991255347239981,0
8166-ZZTFS,0.09850091223885081,0
3508-CFVZL,0.0979361718286115,0
8668-KNZTI,0.09681113113368446,0
3055-VTCGS,0.09674651793616393,0
0942-KOWSM,0.0966365243594835,0
0835-DUUIQ,0.09649789412560163,0
3078-ZKNTS,0.0951956955583784,0
9531-NSBMR,0.09473598391407187,0
2706-QZIHY,0.09355223658483484,0
5127-BZENZ,0.09300241665474879,0
6016-NXBNJ,0.09282597896453965,0
1872-EBWSC,0.09229510914260965,0
4981-FLTMF,0.09209682891588816,0
6693-DJWTY,0.09131982576519487,0
1776-SPBWV,0.0910201290836518,0
6556-DBKZF,0.0899892994317065,0
2138-VFAPZ,0.0898908674595912,0
4854-SSLTN,0.08983707207340234,0
0810-DHDBD,0.08864156050144965,0
3655-SNQYZ,0.08830581738383979,0
6374-NTQLP,0.08823984934131761,0
9739-JLPQJ,0.08819846393981967,0
4513-CXYIX,0.08763854041098966,0
1053-MXTTK,0.08723961674823795,0
1271-UODNO,0.08668991874445052,0
3298-QEICA,0.08634435400116662,0
7026-YMSBE,0.08574019020256278,0
5574-NXZIU,0.08569736512078072,0
2229-DPMBI,0.08562860527367433,0
6447-EGDIV,0.0853827804887994,0
5161-UBZXI,0.08494371433699098,0
5327-XOKKY,0.08449709287529464,0
2819-GWENI,0.08445290133535864,0
0743-HNPFG,0.08437732040884387,0
9251-WNSOD,0.08309946300880848,0
6559-ILWKJ,0.08178264300708324,0
2606-PKWJB,0.08167951498181629,0
0804-YGEQV,0.07953640826361454,0
9424-CMPOG,0.07945976322391156,0
9670-BPNXF,0.07849820439478536,0
9926-PJHDQ,0.07836105151561044,0
5232-NXPAY,0.07788935893894593,0
4994-OBRSZ,0.07677267399632356,0
0023-UYUPN,0.07627619933467136,0
5014-GSOUQ,0.07580439719397536,0
2335-GSODA,0.07540878113555576,0
0334-ZFJSR,0.074710308551955,0
9178-JHUVJ,0.07387259190921984,0
1982-FEBTD,0.07385677164908185,0
6463-HHXJR,0.07357368320515302,0
7277-KAMWT,0.07355999555127946,0
9880-TDQAC,0.07345250950156786,0
5158-RIVOP,0.07224742654222488,0
3887-PBQAO,0.0715550655491666,0
8331-ZXFOE,0.0707413873385441,0
2167-FQSTQ,0.06953187352370793,0
3486-NPGST,0.06844584598030233,0
4342-HFXWS,0.0676947088192671,0
9227-UAQFT,0.06709742512375712,0
3230-IUALN,0.06679114105391651,0
4615-PIVVU,0.06660991828727589,0
6772-WFQRD,0.06656202402853391,0
1265-HVPZB,0.06652609354683528,0
0078-XZMHT,0.06639185164725397,0
7173-TETGO,0.06623219265036967,0
7711-YIJWC,0.06596256442936332,0
3266-FTKHB,0.0653605911881121,0
2193-SFWQW,0.06505354802628102,0
7501-IWUNG,0.06492604871619584,0
9995-HOTOH,0.06479082690835651,0
6549-BTYPG,0.06446692715533302,0
5696-EXCYS,0.06327521421882143,0
6121-TNHBO,0.06326759198542922,0
4890-VMUAV,0.06319819455434032,0
2599-CIPQE,0.062436319355833665,0
1699-TLDLZ,0.06190342843640563,0
7596-IIWYC,0.06163950392886302,0
3489-VSFRD,0.06115570011630586,0
3649-JPUGY,0.05990750731629716,0
2863-IMQDR,0.05964541097140917,0
1755-FZQEC,0.05962518188302477,0
8999-YPYBV,0.059092622614016245,0
3654-ARMGP,0.05896565038263358,0
2812-REYAT,0.05862350448466711,0
6437-UDQJM,0.058524136495731696,0
0129-QMPDR,0.058447604949680126,0
8345-MVDYC,0.05795529310154166,0
8067-NIOYM,0.0579289463166222,0
5177-RVZNU,0.05753653440054928,0
3720-DBRWL,0.057374733567085556,0
9945-PSVIP,0.057267165453320425,0
7564-GHCVB,0.05714561483796284,0
2324-AALNO,0.05607381266387542,0
2521-NPUZR,0.05556138246240482,0
5453-YBTWV,0.05539141244612624,0
2137-DQMEV,0.05528478911127558,0
9919-FZDED,0.0544800221570047,0
3460-TJBWI,0.054087572532231905,0
4751-ERMAN,0.053497917315653475,0
1552-CZCLL,0.05334672559331493,0
9805-FILKB,0.05333590404571308,0
6732-VAILE,0.052853194877088235,0
1333-PBMXB,0.05248286267443286,0
4676-WLUHT,0.052240940930446796,0
5387-ASZNZ,0.05201723360179829,0
9888-ZCUMM,0.05186371888669753,0
1837-YQUCE,0.051369192192770474,0
9548-LERKT,0.051364560032477455,0
2430-RRYUW,0.050670529325273696,0
6048-NJXHX,0.05047757941695847,0
7508-DQAKK,0.05040587490244421,0
0617-AQNWT,0.04925825980220138,0
8661-BOYNW,0.04925188107911107,0
6762-QVYJO,0.049030752500898604,0
1395-WSWXR,0.04857110979226671,0
1897-OKVMW,0.04826288179363777,0
9066-QRSDU,0.04811753686583715,0
4568-KNYWR,0.04773009385240131,0
0016-QLJIS,0.047656953765753615,0
3572-UUHRS,0.04760497881976606,0
2996-XAUVF,0.04739387144880535,0
8098-TDCBU,0.04690348140521483,0
9950-MTGYX,0.0468168055295149,0
6963-EZQEE,0.046082663265305586,0
5816-JMLGY,0.045921618684691135,0
0459-SPZHJ,0.045345219015282455,0
8218-FFJDS,0.04522623056170358,0
3638-WEABW,0.045087599765742156,0
8626-PTQGE,0.04504087885756593,0
2845-KDHVX,0.045033302936875616,0
5774-QPLTF,0.04451819313055221,0
6152-ONASV,0.044507585774779604,0
6923-AQONU,0.04443294588175478,0
3161-ONRWK,0.044264012908567005,0
3908-MKIMJ,0.044169207313164906,0
5997-OPVFA,0.0437541563441307,0
6248-TKCQV,0.043587685267543745,0
4526-EXKKN,0.04341043892674596,0
0354-VXMJC,0.04309592943765197,0
0048-PIHNL,0.04301782148121166,0
2725-TTRIQ,0.042758675693438636,0
0707-HOVVN,0.04271959579423096,0
4213-HKBJO,0.04236768712522359,0
7815-PDTHL,0.04188002545908486,0
8430-TWCBX,0.04182090884715535,0
5792-JALQC,0.041687215619502095,0
1265-ZFOSD,0.041423785149099425,0
9028-LIHRP,0.041398591020266516,0
5397-NSKQG,0.0411124532269277,0
5171-EPLKN,0.041049249231783935,0
7103-ZGVNT,0.04101311463832372,0
0412-UCCNP,0.040030166347745144,0
4967-WPNCF,0.03999884174622868,0
0567-XRHCU,0.039959643425769055,0
7579-KKLOE,0.03987797949204373,0
4609-KNNWG,0.039712326197413474,0
7850-THJMU,0.03968216255545379,0
6119-SPUDB,0.039492798366043906,0
0123-CRBRT,0.039154109097361625,0
9803-FTJCG,0.03888266535851353,0
7284-ZZLOH,0.03816416150583407,0
4632-XJMEX,0.0376544500679874,0
6122-LJADA,0.03755432574084386,0
2580-ATZSQ,0.03729965970951513,0
4312-GVYNH,0.03725958934588503,0
9135-MGVPY,0.03704830021658805,0
9602-WCXPI,0.0364157537455262,0
9392-XBGTD,0.03639414811359702,0
7205-BAIAD,0.03635998862730584,0
2535-PBCGC,0.03533341660383438,0
0361-HJRDX,0.03523334788125483,0
1414-YADCW,0.03509559301569814,0
1270-XKUCC,0.03506089837768141,0
0230-WEQUW,0.03496033948579906,0
0602-DDUML,0.03450827154447881,0
2194-IIQOF,0.03417945370100433,0
1839-FBNFR,0.03396256302207654,0
8577-QSOCG,0.033922795771741746,0
3779-OSWCF,0.03387374906587239,0
5480-XTFFL,0.03383660932469102,0
3712-PKXZA,0.033112944953356906,0
9489-DEDVP,0.03263381577440679,0
3938-YFPXD,0.03257302429433671,0
8249-THVEC,0.03204174124652924,0
5707-ZMDJP,0.03196453910172103,0
6813-GZQCG,0.031880342481365266,0
7945-PRBVF,0.031249748262418733,0
8146-QQKZH,0.031150303701935188,0
6177-PEVRA,0.031016575532580352,0
7722-VJRQD,0.030849513547229975,0
6288-CHQJB,0.03084355839968028,0
9170-ARBTB,0.030744211280833655,0
9624-EGDEQ,0.03026113749308314,0
0379-DJQHR,0.03003477737923281,0
7018-FPXHH,0.029856069224664515,0
9585-KKMFD,0.029313936888864814,0
2160-GPFXD,0.028875403409706,0
2300-RQGOI,0.028361332184513848,0
2384-OVPSA,0.028286214953235318,0
6980-CDGFC,0.028034009110969316,0
9503-XJUME,0.02758478216586168,0
4139-DETXS,0.027173507272362386,0
8580-QVLOC,0.026889074697324232,0
7197-VOJMM,0.026820574481325236,0
8241-JUIQO,0.026281479013592787,0
8042-RNLKO,0.026239016063901405,0
4194-FJARJ,0.02621737253855153,0
0318-ZOPWS,0.026163258212793184,0
7009-PCARS,0.0259532620082334,0
2208-MPXIO,0.025892048730760054,0
4915-BFSXL,0.02586668350880475,0
0848-SOMKO,0.025839400857027028,0
2662-NNTDK,0.025555048624424394,0
7524-VRLPL,0.025404211669268366,0
6096-EGVTU,0.025370881839745642,0
9481-WHGWY,0.02488898368227921,0
0732-OCQOC,0.024859397731088213,0
2796-NNUFI,0.024477854350768165,0
9823-EALYC,0.02419307275415734,0
9755-JHNMN,0.024023547269120205,0
9068-FHQHD,0.023350341321803893,0
4012-YCFAI,0.02313598668473179,0
9938-PRCVK,0.02252016971706887,0
5846-NEQVZ,0.022113978421070685,0
9661-JALZV,0.021470194250333214,0
0988-AADSA,0.021158955557960976,0
2882-WDTBA,0.02114569794319222,0
0562-KBDVM,0.020955506854830396,0
9593-CVZKR,0.02089703273502746,0
3719-TDVQB,0.020834965999242915,0
4779-ZGICK,0.020518915360494334,0
6080-LNESI,0.02035943019405236,0
5803-NQJZO,0.020297741975265318,0
6770-UAYGJ,0.02024968333572044,0
8631-NBHFZ,0.01970547836526347,0
2235-EZAIK,0.019658788055736412,0
3662-FXJFO,0.019570666036636073,0
8587-XYZSF,0.01952059169459423,0
8626-XHBIE,0.019210898150075387,0
4900-MSOMT,0.018524898298228724,0
8896-RAZCR,0.01851185816276393,0
2314-TNDJQ,0.01846510810707139,0
7596-ZYWBB,0.018347121075088773,0
0562-FGDCR,0.018184457725803706,0
1207-BLKSA,0.018145694632201136,0
6518-PPLMZ,0.017784190989617903,0
6762-NSODU,0.017506294657762305,0
4361-FEBGN,0.017405840775197207,0
8532-UEFWH,0.01735360789885496,0
4018-PPNDW,0.017243898372777153,0
9372-TXXPS,0.017110383868544236,0
3948-KXDUF,0.017105781921545167,0
1862-QRWPE,0.017064565922018455,0
6695-FRVEC,0.01686092810650523,0
9251-AWQGT,0.01636989749235257,0
8069-RHUXK,0.016367390608954986,0
9499-XPZXM,0.016151367569667632,0
7860-KSUGX,0.0160420899036061,0
0463-TXOAK,0.015893237494683785,0
1955-IBMMB,0.015771881949841197,0
2176-OSJUV,0.01574018916148565,0
8028-PNXHQ,0.015629062743795396,0
8882-TLVRW,0.014977864425466739,0
1657-DYMBM,0.014935906710137031,0
1266-NZYUI,0.014736633986988514,0
2675-IJRGJ,0.014629042762608045,0
1468-DEFNC,0.014623065721347804,0
6349-JDHQP,0.014603861801234514,0
6087-YPWHO,0.014541488970289798,0
6614-YWYSC,0.01449870078877189,0
1619-YWUBB,0.014414578583623994,0
0229-LFJAF,0.01424162213521181,0
3620-EHIMZ,0.013958166272188917,0
8957-THMOA,0.013756518315218604,0
9565-AXSMR,0.013492737510027974,0
3646-ITDGM,0.013456128863708457,0
1926-QUZNN,0.013289957748600336,0
7427-AUFPY,0.013278207921192922,0
7169-YWAMK,0.012920006308717643,0
6917-FIJHC,0.012745406060082327,0
0374-FIUCA,0.012412016319673539,0
5115-SQAAU,0.01225677991581626,0
9337-SRRNI,0.012212871666076106,0
4990-ALDGW,0.012154277918509872,0
1167-OYZJF,0.012069386114167892,0
8464-EETCQ,0.011856208304488086,0
4737-AQCPU,0.011836574683411297,0
1460-UZPRJ,0.011542422685384447,0
2097-YVPKN,0.01153132433799342,0
3498-LZGQZ,0.011322684506174012,0
9286-BHDQG,0.011270303692707822,0
3563-SVYLG,0.010515005435931394,0
6010-DDPPW,0.010497733684937371,0
9972-EWRJS,0.010417505984676934,0
2900-PHPLN,0.010412951331711242,0
3454-JFUBC,0.010248829623392611,0
4443-EMBNA,0.010221090229482217,0
4176-RELJR,0.01021224574505416,0
4589-IUAJB,0.010067445035799366,0
9153-BTBVV,0.010000654285900674,0
4231-LZUYM,0.00978188536100821,0
9397-TZSHA,0.009739257153600678,0
7161-DFHUF,0.009726034064282634,0
2169-RRLFW,0.009690543655568033,0
6848-HJTXY,0.009527080080837224,0
2569-WGERO,0.009312504553265903,0
7268-WNTCP,0.008986570378885686,0
9574-BOSMD,0.008919964997476708,0
4195-PNGZS,0.00878255791549348,0
6963-KQYQB,0.0086809746212391,0
5902-WBLSE,0.008543699024065583,0
1302-TPUBN,0.008455463515722489,0
5730-DBDSI,0.00845329005930345,0
0397-ZXWQF,0.008339700734877293,0
2718-YSKCS,0.008282307317290051,0
5854-KSRBJ,0.008261900569368897,0
5146-YYFRZ,0.008153709110418227,0
5884-FBCTL,0.008152962377234183,0
6976-BWGLQ,0.008012915028593592,0
8966-SNIZF,0.007770734875711428,0
7969-FFOWG,0.00767749791896455,0
4821-WQOYN,0.007625300010937955,0
8224-KDLKN,0.007620028907934988,0
7010-BRBUU,0.007248649583439045,0
6060-QBMGV,0.00723274337158565,0
7463-IFMQU,0.007229657193990949,0
7515-LODFU,0.0070544647054418316,0
3678-MNGZX,0.006929089732047049,0
7083-MIOPC,0.006700863843454941,0
9537-JALFH,0.006579936921276295,0
8750-QWZAJ,0.006578051480530379,0
5787-KXGIY,0.006418528222561702,0
8229-BUJHX,0.006413002463972578,0
1166-PQLGG,0.006117809458723689,0
3279-DYZQM,0.005922747232095077,0
